,FEN,GameNumber,Move,MoveNumber,Side
0,rnbqkbnrpppppppp883P48PPP1PPPPRNBQKBNR,1,d4,1,white
92,rnbqkbnrpppppppp884P38PPPP1PPPRNBQKBNR,2,e4,1,white
184,rnbqkbnrpppppppp883P48PPP1PPPPRNBQKBNR,3,d4,1,white
277,rnbqkbnrpppppppp884P38PPPP1PPPRNBQKBNR,4,e4,1,white
355,rnbqkbnrpppppppp883P48PPP1PPPPRNBQKBNR,5,d4,1,white
418,rnbqkbnrpppppppp884P38PPPP1PPPRNBQKBNR,6,e4,1,white
539,rnbqkbnrpppppppp883P48PPP1PPPPRNBQKBNR,7,d4,1,white
609,rnbqkbnrpppppppp884P38PPPP1PPPRNBQKBNR,8,e4,1,white
652,rnbqkbnrpppppppp883P48PPP1PPPPRNBQKBNR,9,d4,1,white
728,rnbqkbnrpppppppp884P38PPPP1PPPRNBQKBNR,10,e4,1,white
770,rnbqkbnrpppppppp884P38PPPP1PPPRNBQKBNR,11,e4,1,white
854,rnbqkbnrpppppppp884P38PPPP1PPPRNBQKBNR,12,e4,1,white
941,rnbqkbnrpppppppp883P48PPP1PPPPRNBQKBNR,13,d4,1,white
1112,rnbqkbnrpppppppp884P38PPPP1PPPRNBQKBNR,14,e4,1,white
1208,rnbqkbnrpppppppp883P48PPP1PPPPRNBQKBNR,15,d4,1,white
1305,rnbqkbnrpppppppp884P38PPPP1PPPRNBQKBNR,16,e4,1,white
1402,rnbqkbnrpppppppp883P48PPP1PPPPRNBQKBNR,17,d4,1,white
1506,rnbqkbnrpppppppp884P38PPPP1PPPRNBQKBNR,18,e4,1,white
1585,rnbqkbnrpppppppp883P48PPP1PPPPRNBQKBNR,19,d4,1,white
1643,rnbqkbnrpppppppp884P38PPPP1PPPRNBQKBNR,20,e4,1,white
1680,rnbqkbnrpppppppp884P38PPPP1PPPRNBQKBNR,21,e4,1,white
1795,rnbqkbnrpppppppp8885N2PPPPPPPPRNBQKB1R,22,Nf3,1,white
1870,rnbqkbnrpppppppp884P38PPPP1PPPRNBQKBNR,23,e4,1,white
2035,rnbqkbnrpppppppp8885N2PPPPPPPPRNBQKB1R,24,Nf3,1,white
2078,rnbqkbnrpppppppp884P38PPPP1PPPRNBQKBNR,25,e4,1,white
2130,rnbqkbnrpppppppp8885N2PPPPPPPPRNBQKB1R,26,Nf3,1,white
2204,rnbqkbnrpppppppp884P38PPPP1PPPRNBQKBNR,27,e4,1,white
2271,rnbqkbnrpppppppp8885N2PPPPPPPPRNBQKB1R,28,Nf3,1,white
2346,rnbqkbnrpppppppp884P38PPPP1PPPRNBQKBNR,29,e4,1,white
2458,rnbqkbnrpppppppp8885N2PPPPPPPPRNBQKB1R,30,Nf3,1,white
2511,rnbqkbnrpppppppp884P38PPPP1PPPRNBQKBNR,31,e4,1,white
2572,rnbqkbnrpppppppp8885N2PPPPPPPPRNBQKB1R,32,Nf3,1,white
2693,rnbqkbnrpppppppp884P38PPPP1PPPRNBQKBNR,33,e4,1,white
2820,rnbqkbnrpppppppp8885N2PPPPPPPPRNBQKB1R,34,Nf3,1,white
2889,rnbqkbnrpppppppp884P38PPPP1PPPRNBQKBNR,35,e4,1,white
2961,rnbqkbnrpppppppp8885N2PPPPPPPPRNBQKB1R,36,Nf3,1,white
3064,rnbqkbnrpppppppp884P38PPPP1PPPRNBQKBNR,37,e4,1,white
3204,rnbqkbnrpppppppp883P48PPP1PPPPRNBQKBNR,38,d4,1,white
3254,rnbqkbnrpppppppp884P38PPPP1PPPRNBQKBNR,39,e4,1,white
3332,rnbqkbnrpppppppp883P48PPP1PPPPRNBQKBNR,40,d4,1,white
3386,rnbqkbnrpppppppp884P38PPPP1PPPRNBQKBNR,41,e4,1,white
3499,rnbqkbnrpppppppp883P48PPP1PPPPRNBQKBNR,42,d4,1,white
3549,rnbqkbnrpppppppp883P48PPP1PPPPRNBQKBNR,43,d4,1,white
3635,rnbqkbnrpppppppp883P48PPP1PPPPRNBQKBNR,44,d4,1,white
3690,rnbqkbnrpppppppp884P38PPPP1PPPRNBQKBNR,45,e4,1,white
3761,rnbqkbnrpppppppp8885N2PPPPPPPPRNBQKB1R,46,Nf3,1,white
3920,rnbqkbnrpppppppp884P38PPPP1PPPRNBQKBNR,47,e4,1,white
4006,rnbqkbnrpppppppp8885N2PPPPPPPPRNBQKB1R,48,Nf3,1,white
4063,rnbqkbnrpppppppp884P38PPPP1PPPRNBQKBNR,49,e4,1,white
4110,rnbqkbnrpppppppp8885N2PPPPPPPPRNBQKB1R,50,Nf3,1,white
4189,rnbqkbnrpppppppp884P38PPPP1PPPRNBQKBNR,51,e4,1,white
4255,rnbqkbnrpppppppp8885N2PPPPPPPPRNBQKB1R,52,Nf3,1,white
4332,rnbqkbnrpppppppp884P38PPPP1PPPRNBQKBNR,53,e4,1,white
4373,rnbqkbnrpppppppp883P48PPP1PPPPRNBQKBNR,54,d4,1,white
4485,rnbqkbnrpppppppp884P38PPPP1PPPRNBQKBNR,55,e4,1,white
4593,rnbqkbnrpppppppp883P48PPP1PPPPRNBQKBNR,56,d4,1,white
4675,rnbqkbnrpppppppp884P38PPPP1PPPRNBQKBNR,57,e4,1,white
4736,rnbqkbnrpppppppp884P38PPPP1PPPRNBQKBNR,58,e4,1,white
4799,rnbqkbnrpppppppp884P38PPPP1PPPRNBQKBNR,59,e4,1,white
4863,rnbqkbnrpppppppp884P38PPPP1PPPRNBQKBNR,60,e4,1,white
4918,rnbqkbnrpppppppp884P38PPPP1PPPRNBQKBNR,61,e4,1,white
5027,rnbqkbnrpppppppp884P38PPPP1PPPRNBQKBNR,62,e4,1,white
5120,rnbqkbnrpppppppp884P38PPPP1PPPRNBQKBNR,63,e4,1,white
5175,rnbqkbnrpppppppp884P38PPPP1PPPRNBQKBNR,64,e4,1,white
5223,rnbqkbnrpppppppp884P38PPPP1PPPRNBQKBNR,65,e4,1,white
5290,rnbqkbnrpppppppp884P38PPPP1PPPRNBQKBNR,66,e4,1,white
5350,rnbqkbnrpppppppp884P38PPPP1PPPRNBQKBNR,67,e4,1,white
5440,rnbqkbnrpppppppp884P38PPPP1PPPRNBQKBNR,68,e4,1,white
5492,rnbqkbnrpppppppp884P38PPPP1PPPRNBQKBNR,69,e4,1,white
5568,rnbqkbnrpppppppp884P38PPPP1PPPRNBQKBNR,70,e4,1,white
5633,rnbqkbnrpppppppp884P38PPPP1PPPRNBQKBNR,71,e4,1,white
5726,rnbqkbnrpppppppp884P38PPPP1PPPRNBQKBNR,72,e4,1,white
5801,rnbqkbnrpppppppp884P38PPPP1PPPRNBQKBNR,73,e4,1,white
5878,rnbqkbnrpppppppp8885N2PPPPPPPPRNBQKB1R,74,Nf3,1,white
5955,rnbqkbnrpppppppp884P38PPPP1PPPRNBQKBNR,75,e4,1,white
6018,rnbqkbnrpppppppp8885N2PPPPPPPPRNBQKB1R,76,Nf3,1,white
6099,rnbqkbnrpppppppp884P38PPPP1PPPRNBQKBNR,77,e4,1,white
6192,rnbqkbnrpppppppp8885N2PPPPPPPPRNBQKB1R,78,Nf3,1,white
6289,rnbqkbnrpppppppp884P38PPPP1PPPRNBQKBNR,79,e4,1,white
6353,rnbqkbnrpppppppp884P38PPPP1PPPRNBQKBNR,80,e4,1,white
6472,rnbqkbnrpppppppp884P38PPPP1PPPRNBQKBNR,81,e4,1,white
6555,rnbqkbnrpppppppp884P38PPPP1PPPRNBQKBNR,82,e4,1,white
6658,rnbqkbnrpppppppp884P38PPPP1PPPRNBQKBNR,83,e4,1,white
6777,rnbqkbnrpppppppp884P38PPPP1PPPRNBQKBNR,84,e4,1,white
6876,rnbqkbnrpppppppp884P38PPPP1PPPRNBQKBNR,85,e4,1,white
7018,rnbqkbnrpppppppp884P38PPPP1PPPRNBQKBNR,86,e4,1,white
7109,rnbqkbnrpppppppp884P38PPPP1PPPRNBQKBNR,87,e4,1,white
7261,rnbqkbnrpppppppp884P38PPPP1PPPRNBQKBNR,88,e4,1,white
7358,rnbqkbnrpppppppp883P48PPP1PPPPRNBQKBNR,89,d4,1,white
7426,rnbqkbnrpppppppp883P48PPP1PPPPRNBQKBNR,90,d4,1,white
7501,rnbqkbnrpppppppp883P48PPP1PPPPRNBQKBNR,91,d4,1,white
7597,rnbqkbnrpppppppp884P38PPPP1PPPRNBQKBNR,92,e4,1,white
7707,rnbqkbnrpppppppp883P48PPP1PPPPRNBQKBNR,93,d4,1,white
7798,rnbqkbnrpppppppp883P48PPP1PPPPRNBQKBNR,94,d4,1,white
7885,rnbqkbnrpppppppp883P48PPP1PPPPRNBQKBNR,95,d4,1,white
7993,rnbqkbnrpppppppp884P38PPPP1PPPRNBQKBNR,96,e4,1,white
8095,rnbqkbnrpppppppp883P48PPP1PPPPRNBQKBNR,97,d4,1,white
8217,rnbqkbnrpppppppp883P48PPP1PPPPRNBQKBNR,98,d4,1,white
8320,rnbqkbnrpppppppp884P38PPPP1PPPRNBQKBNR,99,e4,1,white
8418,rnbqkbnrpppppppp884P38PPPP1PPPRNBQKBNR,100,e4,1,white
8521,rnbqkbnrpppppppp883P48PPP1PPPPRNBQKBNR,101,d4,1,white
8605,rnbqkbnrpppppppp884P38PPPP1PPPRNBQKBNR,102,e4,1,white
8685,rnbqkbnrpppppppp883P48PPP1PPPPRNBQKBNR,103,d4,1,white
8767,rnbqkbnrpppppppp884P38PPPP1PPPRNBQKBNR,104,e4,1,white
8809,rnbqkbnrpppppppp883P48PPP1PPPPRNBQKBNR,105,d4,1,white
8906,rnbqkbnrpppppppp884P38PPPP1PPPRNBQKBNR,106,e4,1,white
9042,rnbqkbnrpppppppp883P48PPP1PPPPRNBQKBNR,107,d4,1,white
9133,rnbqkbnrpppppppp884P38PPPP1PPPRNBQKBNR,108,e4,1,white
9228,rnbqkbnrpppppppp883P48PPP1PPPPRNBQKBNR,109,d4,1,white
9329,rnbqkbnrpppppppp884P38PPPP1PPPRNBQKBNR,110,e4,1,white
9420,rnbqkbnrpppppppp883P48PPP1PPPPRNBQKBNR,111,d4,1,white
9536,rnbqkbnrpppppppp884P38PPPP1PPPRNBQKBNR,112,e4,1,white
9577,rnbqkbnrpppppppp883P48PPP1PPPPRNBQKBNR,113,d4,1,white
9651,rnbqkbnrpppppppp884P38PPPP1PPPRNBQKBNR,114,e4,1,white
9760,rnbqkbnrpppppppp884P38PPPP1PPPRNBQKBNR,115,e4,1,white
9842,rnbqkbnrpppppppp884P38PPPP1PPPRNBQKBNR,116,e4,1,white
9930,rnbqkbnrpppppppp884P38PPPP1PPPRNBQKBNR,117,e4,1,white
10012,rnbqkbnrpppppppp884P38PPPP1PPPRNBQKBNR,118,e4,1,white
10087,rnbqkbnrpppppppp884P38PPPP1PPPRNBQKBNR,119,e4,1,white
10193,rnbqkbnrpppppppp884P38PPPP1PPPRNBQKBNR,120,e4,1,white
10344,rnbqkbnrpppppppp884P38PPPP1PPPRNBQKBNR,121,e4,1,white
10440,rnbqkbnrpppppppp884P38PPPP1PPPRNBQKBNR,122,e4,1,white
10583,rnbqkbnrpppppppp884P38PPPP1PPPRNBQKBNR,123,e4,1,white
10646,rnbqkbnrpppppppp884P38PPPP1PPPRNBQKBNR,124,e4,1,white
10701,rnbqkbnrpppppppp884P38PPPP1PPPRNBQKBNR,125,e4,1,white
10830,rnbqkbnrpppppppp883P48PPP1PPPPRNBQKBNR,126,d4,1,white
10917,rnbqkbnrpppppppp884P38PPPP1PPPRNBQKBNR,127,e4,1,white
11155,rnbqkbnrpppppppp883P48PPP1PPPPRNBQKBNR,128,d4,1,white
11257,rnbqkbnrpppppppp884P38PPPP1PPPRNBQKBNR,129,e4,1,white
11309,rnbqkbnrpppppppp884P38PPPP1PPPRNBQKBNR,130,e4,1,white
11394,rnbqkbnrpppppppp884P38PPPP1PPPRNBQKBNR,131,e4,1,white
11458,rnbqkbnrpppppppp884P38PPPP1PPPRNBQKBNR,132,e4,1,white
11533,rnbqkbnrpppppppp884P38PPPP1PPPRNBQKBNR,133,e4,1,white
11633,rnbqkbnrpppppppp884P38PPPP1PPPRNBQKBNR,134,e4,1,white
11754,rnbqkbnrpppppppp884P38PPPP1PPPRNBQKBNR,135,e4,1,white
11819,rnbqkbnrpppppppp884P38PPPP1PPPRNBQKBNR,136,e4,1,white
11944,rnbqkbnrpppppppp884P38PPPP1PPPRNBQKBNR,137,e4,1,white
12004,rnbqkbnrpppppppp884P38PPPP1PPPRNBQKBNR,138,e4,1,white
12125,rnbqkbnrpppppppp884P38PPPP1PPPRNBQKBNR,139,e4,1,white
12183,rnbqkbnrpppppppp883P48PPP1PPPPRNBQKBNR,140,d4,1,white
12226,rnbqkbnrpppppppp883P48PPP1PPPPRNBQKBNR,141,d4,1,white
12316,rnbqkbnrpppppppp883P48PPP1PPPPRNBQKBNR,142,d4,1,white
12517,rnbqkbnrpppppppp883P48PPP1PPPPRNBQKBNR,143,d4,1,white
12579,rnbqkbnrpppppppp883P48PPP1PPPPRNBQKBNR,144,d4,1,white
12636,rnbqkbnrpppppppp883P48PPP1PPPPRNBQKBNR,145,d4,1,white
12769,rnbqkbnrpppppppp883P48PPP1PPPPRNBQKBNR,146,d4,1,white
12860,rnbqkbnrpppppppp883P48PPP1PPPPRNBQKBNR,147,d4,1,white
13036,rnbqkbnrpppppppp884P38PPPP1PPPRNBQKBNR,148,e4,1,white
13121,rnbqkbnrpppppppp883P48PPP1PPPPRNBQKBNR,149,d4,1,white
13225,rnbqkbnrpppppppp884P38PPPP1PPPRNBQKBNR,150,e4,1,white
13284,rnbqkbnrpppppppp884P38PPPP1PPPRNBQKBNR,151,e4,1,white
13422,rnbqkbnrpppppppp884P38PPPP1PPPRNBQKBNR,152,e4,1,white
13492,rnbqkbnrpppppppp884P38PPPP1PPPRNBQKBNR,153,e4,1,white
13554,rnbqkbnrpppppppp884P38PPPP1PPPRNBQKBNR,154,e4,1,white
13666,rnbqkbnrpppppppp884P38PPPP1PPPRNBQKBNR,155,e4,1,white
13782,rnbqkbnrpppppppp884P38PPPP1PPPRNBQKBNR,156,e4,1,white
13876,rnbqkbnrpppppppp884P38PPPP1PPPRNBQKBNR,157,e4,1,white
13972,rnbqkbnrpppppppp884P38PPPP1PPPRNBQKBNR,158,e4,1,white
14058,rnbqkbnrpppppppp884P38PPPP1PPPRNBQKBNR,159,e4,1,white
14187,rnbqkbnrpppppppp883P48PPP1PPPPRNBQKBNR,160,d4,1,white
14328,rnbqkbnrpppppppp883P48PPP1PPPPRNBQKBNR,161,d4,1,white
14428,rnbqkbnrpppppppp883P48PPP1PPPPRNBQKBNR,162,d4,1,white
14509,rnbqkbnrpppppppp884P38PPPP1PPPRNBQKBNR,163,e4,1,white
14634,rnbqkbnrpppppppp883P48PPP1PPPPRNBQKBNR,164,d4,1,white
14693,rnbqkbnrpppppppp883P48PPP1PPPPRNBQKBNR,165,d4,1,white
14784,rnbqkbnrpppppppp884P38PPPP1PPPRNBQKBNR,166,e4,1,white
14870,rnbqkbnrpppppppp883P48PPP1PPPPRNBQKBNR,167,d4,1,white
14916,rnbqkbnrpppppppp883P48PPP1PPPPRNBQKBNR,168,d4,1,white
14976,rnbqkbnrpppppppp883P48PPP1PPPPRNBQKBNR,169,d4,1,white
15018,rnbqkbnrpppppppp883P48PPP1PPPPRNBQKBNR,170,d4,1,white
15154,rnbqkbnrpppppppp883P48PPP1PPPPRNBQKBNR,171,d4,1,white
15249,rnbqkbnrpppppppp884P38PPPP1PPPRNBQKBNR,172,e4,1,white
15310,rnbqkbnrpppppppp883P48PPP1PPPPRNBQKBNR,173,d4,1,white
15356,rnbqkbnrpppppppp884P38PPPP1PPPRNBQKBNR,174,e4,1,white
15468,rnbqkbnrpppppppp884P38PPPP1PPPRNBQKBNR,175,e4,1,white
15554,rnbqkbnrpppppppp883P48PPP1PPPPRNBQKBNR,176,d4,1,white
15592,rnbqkbnrpppppppp883P48PPP1PPPPRNBQKBNR,177,d4,1,white
15675,rnbqkbnrpppppppp883P48PPP1PPPPRNBQKBNR,178,d4,1,white
15773,rnbqkbnrpppppppp883P48PPP1PPPPRNBQKBNR,179,d4,1,white
15856,rnbqkbnrpppppppp883P48PPP1PPPPRNBQKBNR,180,d4,1,white
15935,rnbqkbnrpppppppp883P48PPP1PPPPRNBQKBNR,181,d4,1,white
16006,rnbqkbnrpppppppp883P48PPP1PPPPRNBQKBNR,182,d4,1,white
16090,rnbqkbnrpppppppp883P48PPP1PPPPRNBQKBNR,183,d4,1,white
16158,rnbqkbnrpppppppp883P48PPP1PPPPRNBQKBNR,184,d4,1,white
16198,rnbqkbnrpppppppp883P48PPP1PPPPRNBQKBNR,185,d4,1,white
16330,rnbqkbnrpppppppp883P48PPP1PPPPRNBQKBNR,186,d4,1,white
16411,rnbqkbnrpppppppp883P48PPP1PPPPRNBQKBNR,187,d4,1,white
16465,rnbqkbnrpppppppp883P48PPP1PPPPRNBQKBNR,188,d4,1,white
16515,rnbqkbnrpppppppp883P48PPP1PPPPRNBQKBNR,189,d4,1,white
16574,rnbqkbnrpppppppp883P48PPP1PPPPRNBQKBNR,190,d4,1,white
16621,rnbqkbnrpppppppp883P48PPP1PPPPRNBQKBNR,191,d4,1,white
16739,rnbqkbnrpppppppp883P48PPP1PPPPRNBQKBNR,192,d4,1,white
16794,rnbqkbnrpppppppp883P48PPP1PPPPRNBQKBNR,193,d4,1,white
16836,rnbqkbnrpppppppp883P48PPP1PPPPRNBQKBNR,194,d4,1,white
16922,rnbqkbnrpppppppp883P48PPP1PPPPRNBQKBNR,195,d4,1,white
16986,rnbqkbnrpppppppp883P48PPP1PPPPRNBQKBNR,196,d4,1,white
17158,rnbqkbnrpppppppp883P48PPP1PPPPRNBQKBNR,197,d4,1,white
17253,rnbqkbnrpppppppp883P48PPP1PPPPRNBQKBNR,198,d4,1,white
17334,rnbqkbnrpppppppp883P48PPP1PPPPRNBQKBNR,199,d4,1,white
17414,rnbqkbnrpppppppp883P48PPP1PPPPRNBQKBNR,200,d4,1,white
17457,rnbqkbnrpppppppp883P48PPP1PPPPRNBQKBNR,201,d4,1,white
17533,rnbqkbnrpppppppp883P48PPP1PPPPRNBQKBNR,202,d4,1,white
17618,rnbqkbnrpppppppp883P48PPP1PPPPRNBQKBNR,203,d4,1,white
17757,rnbqkbnrpppppppp883P48PPP1PPPPRNBQKBNR,204,d4,1,white
17837,rnbqkbnrpppppppp883P48PPP1PPPPRNBQKBNR,205,d4,1,white
17920,rnbqkbnrpppppppp883P48PPP1PPPPRNBQKBNR,206,d4,1,white
18045,rnbqkbnrpppppppp883P48PPP1PPPPRNBQKBNR,207,d4,1,white
18081,rnbqkbnrpppppppp883P48PPP1PPPPRNBQKBNR,208,d4,1,white
18244,rnbqkbnrpppppppp883P48PPP1PPPPRNBQKBNR,209,d4,1,white
18295,rnbqkbnrpppppppp883P48PPP1PPPPRNBQKBNR,210,d4,1,white
18396,rnbqkbnrpppppppp883P48PPP1PPPPRNBQKBNR,211,d4,1,white
18536,rnbqkbnrpppppppp883P48PPP1PPPPRNBQKBNR,212,d4,1,white
18611,rnbqkbnrpppppppp883P48PPP1PPPPRNBQKBNR,213,d4,1,white
18706,rnbqkbnrpppppppp883P48PPP1PPPPRNBQKBNR,214,d4,1,white
18801,rnbqkbnrpppppppp883P48PPP1PPPPRNBQKBNR,215,d4,1,white
18870,rnbqkbnrpppppppp883P48PPP1PPPPRNBQKBNR,216,d4,1,white
18930,rnbqkbnrpppppppp883P48PPP1PPPPRNBQKBNR,217,d4,1,white
18990,rnbqkbnrpppppppp883P48PPP1PPPPRNBQKBNR,218,d4,1,white
19089,rnbqkbnrpppppppp883P48PPP1PPPPRNBQKBNR,219,d4,1,white
19215,rnbqkbnrpppppppp883P48PPP1PPPPRNBQKBNR,220,d4,1,white
19327,rnbqkbnrpppppppp883P48PPP1PPPPRNBQKBNR,221,d4,1,white
19395,rnbqkbnrpppppppp883P48PPP1PPPPRNBQKBNR,222,d4,1,white
19536,rnbqkbnrpppppppp883P48PPP1PPPPRNBQKBNR,223,d4,1,white
19624,rnbqkbnrpppppppp883P48PPP1PPPPRNBQKBNR,224,d4,1,white
19744,rnbqkbnrpppppppp883P48PPP1PPPPRNBQKBNR,225,d4,1,white
19811,rnbqkbnrpppppppp884P38PPPP1PPPRNBQKBNR,226,e4,1,white
19912,rnbqkbnrpppppppp883P48PPP1PPPPRNBQKBNR,227,d4,1,white
20065,rnbqkbnrpppppppp884P38PPPP1PPPRNBQKBNR,228,e4,1,white
20160,rnbqkbnrpppppppp883P48PPP1PPPPRNBQKBNR,229,d4,1,white
20257,rnbqkbnrpppppppp884P38PPPP1PPPRNBQKBNR,230,e4,1,white
20335,rnbqkbnrpppppppp883P48PPP1PPPPRNBQKBNR,231,d4,1,white
20500,rnbqkbnrpppppppp884P38PPPP1PPPRNBQKBNR,232,e4,1,white
20576,rnbqkbnrpppppppp883P48PPP1PPPPRNBQKBNR,233,d4,1,white
20686,rnbqkbnrpppppppp883P48PPP1PPPPRNBQKBNR,234,d4,1,white
20816,rnbqkbnrpppppppp883P48PPP1PPPPRNBQKBNR,235,d4,1,white
20889,rnbqkbnrpppppppp883P48PPP1PPPPRNBQKBNR,236,d4,1,white
20943,rnbqkbnrpppppppp883P48PPP1PPPPRNBQKBNR,237,d4,1,white
21064,rnbqkbnrpppppppp883P48PPP1PPPPRNBQKBNR,238,d4,1,white
21165,rnbqkbnrpppppppp883P48PPP1PPPPRNBQKBNR,239,d4,1,white
21285,rnbqkbnrpppppppp883P48PPP1PPPPRNBQKBNR,240,d4,1,white
21319,rnbqkbnrpppppppp883P48PPP1PPPPRNBQKBNR,241,d4,1,white
21446,rnbqkbnrpppppppp883P48PPP1PPPPRNBQKBNR,242,d4,1,white
21538,rnbqkbnrpppppppp883P48PPP1PPPPRNBQKBNR,243,d4,1,white
21700,rnbqkbnrpppppppp883P48PPP1PPPPRNBQKBNR,244,d4,1,white
21824,rnbqkbnrpppppppp883P48PPP1PPPPRNBQKBNR,245,d4,1,white
21973,rnbqkbnrpppppppp8885N2PPPPPPPPRNBQKB1R,246,Nf3,1,white
22120,rnbqkbnrpppppppp883P48PPP1PPPPRNBQKBNR,247,d4,1,white
22227,rnbqkbnrpppppppp8885N2PPPPPPPPRNBQKB1R,248,Nf3,1,white
22366,rnbqkbnrpppppppp884P38PPPP1PPPRNBQKBNR,249,e4,1,white
22451,rnbqkbnrpppppppp883P48PPP1PPPPRNBQKBNR,250,d4,1,white
22533,rnbqkbnrpppppppp883P48PPP1PPPPRNBQKBNR,251,d4,1,white
22589,rnbqkbnrpppppppp883P48PPP1PPPPRNBQKBNR,252,d4,1,white
22704,rnbqkbnrpppppppp8885N2PPPPPPPPRNBQKB1R,253,Nf3,1,white
22792,rnbqkbnrpppppppp883P48PPP1PPPPRNBQKBNR,254,d4,1,white
22918,rnbqkbnrpppppppp883P48PPP1PPPPRNBQKBNR,255,d4,1,white
23001,rnbqkbnrpppppppp883P48PPP1PPPPRNBQKBNR,256,d4,1,white
23116,rnbqkbnrpppppppp883P48PPP1PPPPRNBQKBNR,257,d4,1,white
23194,rnbqkbnrpppppppp883P48PPP1PPPPRNBQKBNR,258,d4,1,white
23282,rnbqkbnrpppppppp883P48PPP1PPPPRNBQKBNR,259,d4,1,white
23329,rnbqkbnrpppppppp883P48PPP1PPPPRNBQKBNR,260,d4,1,white
23388,rnbqkbnrpppppppp883P48PPP1PPPPRNBQKBNR,261,d4,1,white
23477,rnbqkbnrpppppppp884P38PPPP1PPPRNBQKBNR,262,e4,1,white
23558,rnbqkbnrpppppppp883P48PPP1PPPPRNBQKBNR,263,d4,1,white
23646,rnbqkbnrpppppppp884P38PPPP1PPPRNBQKBNR,264,e4,1,white
23714,rnbqkbnrpppppppp883P48PPP1PPPPRNBQKBNR,265,d4,1,white
23859,rnbqkbnrpppppppp884P38PPPP1PPPRNBQKBNR,266,e4,1,white
23938,rnbqkbnrpppppppp883P48PPP1PPPPRNBQKBNR,267,d4,1,white
24075,rnbqkbnrpppppppp884P38PPPP1PPPRNBQKBNR,268,e4,1,white
24156,rnbqkbnrpppppppp883P48PPP1PPPPRNBQKBNR,269,d4,1,white
24237,rnbqkbnrpppppppp883P48PPP1PPPPRNBQKBNR,270,d4,1,white
24297,rnbqkbnrpppppppp883P48PPP1PPPPRNBQKBNR,271,d4,1,white
24368,rnbqkbnrpppppppp884P38PPPP1PPPRNBQKBNR,272,e4,1,white
24485,rnbqkbnrpppppppp883P48PPP1PPPPRNBQKBNR,273,d4,1,white
24566,rnbqkbnrpppppppp883P48PPP1PPPPRNBQKBNR,274,d4,1,white
24688,rnbqkbnrpppppppp883P48PPP1PPPPRNBQKBNR,275,d4,1,white
24818,rnbqkbnrpppppppp883P48PPP1PPPPRNBQKBNR,276,d4,1,white
24863,rnbqkbnrpppppppp882P58PP1PPPPPRNBQKBNR,277,c4,1,white
24894,rnbqkbnrpppppppp883P48PPP1PPPPRNBQKBNR,278,d4,1,white
25007,rnbqkbnrpppppppp883P48PPP1PPPPRNBQKBNR,279,d4,1,white
25088,rnbqkbnrpppppppp883P48PPP1PPPPRNBQKBNR,280,d4,1,white
25168,rnbqkbnrpppppppp883P48PPP1PPPPRNBQKBNR,281,d4,1,white
25203,rnbqkbnrpppppppp883P48PPP1PPPPRNBQKBNR,282,d4,1,white
25318,rnbqkbnrpppppppp883P48PPP1PPPPRNBQKBNR,283,d4,1,white
25383,rnbqkbnrpppppppp883P48PPP1PPPPRNBQKBNR,284,d4,1,white
25473,rnbqkbnrpppppppp883P48PPP1PPPPRNBQKBNR,285,d4,1,white
25566,rnbqkbnrpppppppp884P38PPPP1PPPRNBQKBNR,286,e4,1,white
25647,rnbqkbnrpppppppp883P48PPP1PPPPRNBQKBNR,287,d4,1,white
25772,rnbqkbnrpppppppp884P38PPPP1PPPRNBQKBNR,288,e4,1,white
25872,rnbqkbnrpppppppp883P48PPP1PPPPRNBQKBNR,289,d4,1,white
25951,rnbqkbnrpppppppp883P48PPP1PPPPRNBQKBNR,290,d4,1,white
26050,rnbqkbnrpppppppp883P48PPP1PPPPRNBQKBNR,291,d4,1,white
26131,rnbqkbnrpppppppp883P48PPP1PPPPRNBQKBNR,292,d4,1,white
26251,rnbqkbnrpppppppp883P48PPP1PPPPRNBQKBNR,293,d4,1,white
26304,rnbqkbnrpppppppp883P48PPP1PPPPRNBQKBNR,294,d4,1,white
26385,rnbqkbnrpppppppp883P48PPP1PPPPRNBQKBNR,295,d4,1,white
26430,rnbqkbnrpppppppp883P48PPP1PPPPRNBQKBNR,296,d4,1,white
26498,rnbqkbnrpppppppp883P48PPP1PPPPRNBQKBNR,297,d4,1,white
26549,rnbqkbnrpppppppp883P48PPP1PPPPRNBQKBNR,298,d4,1,white
26630,rnbqkbnrpppppppp883P48PPP1PPPPRNBQKBNR,299,d4,1,white
26709,rnbqkbnrpppppppp883P48PPP1PPPPRNBQKBNR,300,d4,1,white
26769,rnbqkbnrpppppppp883P48PPP1PPPPRNBQKBNR,301,d4,1,white
26820,rnbqkbnrpppppppp883P48PPP1PPPPRNBQKBNR,302,d4,1,white
26955,rnbqkbnrpppppppp883P48PPP1PPPPRNBQKBNR,303,d4,1,white
27058,rnbqkbnrpppppppp883P48PPP1PPPPRNBQKBNR,304,d4,1,white
27181,rnbqkbnrpppppppp883P48PPP1PPPPRNBQKBNR,305,d4,1,white
27310,rnbqkbnrpppppppp883P48PPP1PPPPRNBQKBNR,306,d4,1,white
27391,rnbqkbnrpppppppp8885N2PPPPPPPPRNBQKB1R,307,Nf3,1,white
27492,rnbqkbnrpppppppp883P48PPP1PPPPRNBQKBNR,308,d4,1,white
27589,rnbqkbnrpppppppp883P48PPP1PPPPRNBQKBNR,309,d4,1,white
27670,rnbqkbnrpppppppp883P48PPP1PPPPRNBQKBNR,310,d4,1,white
27734,rnbqkbnrpppppppp8885N2PPPPPPPPRNBQKB1R,311,Nf3,1,white
27857,rnbqkbnrpppppppp883P48PPP1PPPPRNBQKBNR,312,d4,1,white
27957,rnbqkbnrpppppppp8885N2PPPPPPPPRNBQKB1R,313,Nf3,1,white
28038,rnbqkbnrpppppppp883P48PPP1PPPPRNBQKBNR,314,d4,1,white
28124,rnbqkbnrpppppppp884P38PPPP1PPPRNBQKBNR,315,e4,1,white
28235,rnbqkbnrpppppppp884P38PPPP1PPPRNBQKBNR,316,e4,1,white
28316,rnbqkbnrpppppppp883P48PPP1PPPPRNBQKBNR,317,d4,1,white
28379,rnbqkbnrpppppppp882P58PP1PPPPPRNBQKBNR,318,c4,1,white
28432,rnbqkbnrpppppppp8885N2PPPPPPPPRNBQKB1R,319,Nf3,1,white
28513,rnbqkbnrpppppppp883P48PPP1PPPPRNBQKBNR,320,d4,1,white
28601,rnbqkbnrpppppppp883P48PPP1PPPPRNBQKBNR,321,d4,1,white
28664,rnbqkbnrpppppppp884P38PPPP1PPPRNBQKBNR,322,e4,1,white
28748,rnbqkbnrpppppppp882P58PP1PPPPPRNBQKBNR,323,c4,1,white
28864,rnbqkbnrpppppppp883P48PPP1PPPPRNBQKBNR,324,d4,1,white
28946,rnbqkbnrpppppppp884P38PPPP1PPPRNBQKBNR,325,e4,1,white
29013,rnbqkbnrpppppppp882P58PP1PPPPPRNBQKBNR,326,c4,1,white
29102,rnbqkbnrpppppppp884P38PPPP1PPPRNBQKBNR,327,e4,1,white
29182,rnbqkbnrpppppppp883P48PPP1PPPPRNBQKBNR,328,d4,1,white
29296,rnbqkbnrpppppppp883P48PPP1PPPPRNBQKBNR,329,d4,1,white
29454,rnbqkbnrpppppppp884P38PPPP1PPPRNBQKBNR,330,e4,1,white
29501,rnbqkbnrpppppppp883P48PPP1PPPPRNBQKBNR,331,d4,1,white
29567,rnbqkbnrpppppppp884P38PPPP1PPPRNBQKBNR,332,e4,1,white
29706,rnbqkbnrpppppppp884P38PPPP1PPPRNBQKBNR,333,e4,1,white
29819,rnbqkbnrpppppppp884P38PPPP1PPPRNBQKBNR,334,e4,1,white
29869,rnbqkbnrpppppppp884P38PPPP1PPPRNBQKBNR,335,e4,1,white
29972,rnbqkbnrpppppppp883P48PPP1PPPPRNBQKBNR,336,d4,1,white
30043,rnbqkbnrpppppppp883P48PPP1PPPPRNBQKBNR,337,d4,1,white
30127,rnbqkbnrpppppppp883P48PPP1PPPPRNBQKBNR,338,d4,1,white
30253,rnbqkbnrpppppppp883P48PPP1PPPPRNBQKBNR,339,d4,1,white
30336,rnbqkbnrpppppppp883P48PPP1PPPPRNBQKBNR,340,d4,1,white
30419,rnbqkbnrpppppppp883P48PPP1PPPPRNBQKBNR,341,d4,1,white
30563,rnbqkbnrpppppppp882P58PP1PPPPPRNBQKBNR,342,c4,1,white
30615,rnbqkbnrpppppppp884P38PPPP1PPPRNBQKBNR,343,e4,1,white
30682,rnbqkbnrpppppppp883P48PPP1PPPPRNBQKBNR,344,d4,1,white
30764,rnbqkbnrpppppppp884P38PPPP1PPPRNBQKBNR,345,e4,1,white
30821,rnbqkbnrpppppppp883P48PPP1PPPPRNBQKBNR,346,d4,1,white
30902,rnbqkbnrpppppppp883P48PPP1PPPPRNBQKBNR,347,d4,1,white
31062,rnbqkbnrpppppppp884P38PPPP1PPPRNBQKBNR,348,e4,1,white
31143,rnbqkbnrpppppppp883P48PPP1PPPPRNBQKBNR,349,d4,1,white
31237,rnbqkbnrpppppppp884P38PPPP1PPPRNBQKBNR,350,e4,1,white
31288,rnbqkbnrpppppppp883P48PPP1PPPPRNBQKBNR,351,d4,1,white
31407,rnbqkbnrpppppppp883P48PPP1PPPPRNBQKBNR,352,d4,1,white
31491,rnbqkbnrpppppppp883P48PPP1PPPPRNBQKBNR,353,d4,1,white
31561,rnbqkbnrpppppppp884P38PPPP1PPPRNBQKBNR,354,e4,1,white
31706,rnbqkbnrpppppppp883P48PPP1PPPPRNBQKBNR,355,d4,1,white
31734,rnbqkbnrpppppppp882P58PP1PPPPPRNBQKBNR,356,c4,1,white
31831,rnbqkbnrpppppppp883P48PPP1PPPPRNBQKBNR,357,d4,1,white
31883,rnbqkbnrpppppppp883P48PPP1PPPPRNBQKBNR,358,d4,1,white
31917,rnbqkbnrpppppppp884P38PPPP1PPPRNBQKBNR,359,e4,1,white
31998,rnbqkbnrpppppppp883P48PPP1PPPPRNBQKBNR,360,d4,1,white
32074,rnbqkbnrpppppppp884P38PPPP1PPPRNBQKBNR,361,e4,1,white
32151,rnbqkbnrpppppppp883P48PPP1PPPPRNBQKBNR,362,d4,1,white
32222,rnbqkbnrpppppppp883P48PPP1PPPPRNBQKBNR,363,d4,1,white
32279,rnbqkbnrpppppppp883P48PPP1PPPPRNBQKBNR,364,d4,1,white
32376,rnbqkbnrpppppppp884P38PPPP1PPPRNBQKBNR,365,e4,1,white
32502,rnbqkbnrpppppppp883P48PPP1PPPPRNBQKBNR,366,d4,1,white
32596,rnbqkbnrpppppppp883P48PPP1PPPPRNBQKBNR,367,d4,1,white
32674,rnbqkbnrpppppppp884P38PPPP1PPPRNBQKBNR,368,e4,1,white
32788,rnbqkbnrpppppppp883P48PPP1PPPPRNBQKBNR,369,d4,1,white
32919,rnbqkbnrpppppppp883P48PPP1PPPPRNBQKBNR,370,d4,1,white
33000,rnbqkbnrpppppppp883P48PPP1PPPPRNBQKBNR,371,d4,1,white
33082,rnbqkbnrpppppppp883P48PPP1PPPPRNBQKBNR,372,d4,1,white
33190,rnbqkbnrpppppppp883P48PPP1PPPPRNBQKBNR,373,d4,1,white
33268,rnbqkbnrpppppppp883P48PPP1PPPPRNBQKBNR,374,d4,1,white
33348,rnbqkbnrpppppppp883P48PPP1PPPPRNBQKBNR,375,d4,1,white
33460,rnbqkbnrpppppppp8885N2PPPPPPPPRNBQKB1R,376,Nf3,1,white
33591,rnbqkbnrpppppppp883P48PPP1PPPPRNBQKBNR,377,d4,1,white
33656,rnbqkbnrpppppppp883P48PPP1PPPPRNBQKBNR,378,d4,1,white
33805,rnbqkbnrpppppppp883P48PPP1PPPPRNBQKBNR,379,d4,1,white
33875,rnbqkbnrpppppppp883P48PPP1PPPPRNBQKBNR,380,d4,1,white
33990,rnbqkbnrpppppppp883P48PPP1PPPPRNBQKBNR,381,d4,1,white
34109,rnbqkbnrpppppppp882P58PP1PPPPPRNBQKBNR,382,c4,1,white
34200,rnbqkbnrpppppppp883P48PPP1PPPPRNBQKBNR,383,d4,1,white
34328,rnbqkbnrpppppppp883P48PPP1PPPPRNBQKBNR,384,d4,1,white
34403,rnbqkbnrpppppppp883P48PPP1PPPPRNBQKBNR,385,d4,1,white
34516,rnbqkbnrpppppppp883P48PPP1PPPPRNBQKBNR,386,d4,1,white
34559,rnbqkbnrpppppppp884P38PPPP1PPPRNBQKBNR,387,e4,1,white
34675,rnbqkbnrpppppppp883P48PPP1PPPPRNBQKBNR,388,d4,1,white
34734,rnbqkbnrpppppppp884P38PPPP1PPPRNBQKBNR,389,e4,1,white
34815,rnbqkbnrpppppppp883P48PPP1PPPPRNBQKBNR,390,d4,1,white
34936,rnbqkbnrpppppppp882P58PP1PPPPPRNBQKBNR,391,c4,1,white
35017,rnbqkbnrpppppppp883P48PPP1PPPPRNBQKBNR,392,d4,1,white
35084,rnbqkbnrpppppppp884P38PPPP1PPPRNBQKBNR,393,e4,1,white
35183,rnbqkbnrpppppppp883P48PPP1PPPPRNBQKBNR,394,d4,1,white
35283,rnbqkbnrpppppppp884P38PPPP1PPPRNBQKBNR,395,e4,1,white
35332,rnbqkbnrpppppppp883P48PPP1PPPPRNBQKBNR,396,d4,1,white
35406,rnbqkbnrpppppppp884P38PPPP1PPPRNBQKBNR,397,e4,1,white
35488,rnbqkbnrpppppppp883P48PPP1PPPPRNBQKBNR,398,d4,1,white
35563,rnbqkbnrpppppppp884P38PPPP1PPPRNBQKBNR,399,e4,1,white
35645,rnbqkbnrpppppppp883P48PPP1PPPPRNBQKBNR,400,d4,1,white
35711,rnbqkbnrpppppppp884P38PPPP1PPPRNBQKBNR,401,e4,1,white
35783,rnbqkbnrpppppppp883P48PPP1PPPPRNBQKBNR,402,d4,1,white
35872,rnbqkbnrpppppppp8885N2PPPPPPPPRNBQKB1R,403,Nf3,1,white
35933,rnbqkbnrpppppppp883P48PPP1PPPPRNBQKBNR,404,d4,1,white
36048,rnbqkbnrpppppppp884P38PPPP1PPPRNBQKBNR,405,e4,1,white
36137,rnbqkbnrpppppppp883P48PPP1PPPPRNBQKBNR,406,d4,1,white
36281,rnbqkbnrpppppppp884P38PPPP1PPPRNBQKBNR,407,e4,1,white
36360,rnbqkbnrpppppppp882P58PP1PPPPPRNBQKBNR,408,c4,1,white
36450,rnbqkbnrpppppppp884P38PPPP1PPPRNBQKBNR,409,e4,1,white
36505,rnbqkbnrpppppppp8885N2PPPPPPPPRNBQKB1R,410,Nf3,1,white
36549,rnbqkbnrpppppppp882P58PP1PPPPPRNBQKBNR,411,c4,1,white
36630,rnbqkbnrpppppppp884P38PPPP1PPPRNBQKBNR,412,e4,1,white
36720,rnbqkbnrpppppppp882P58PP1PPPPPRNBQKBNR,413,c4,1,white
36801,rnbqkbnrpppppppp884P38PPPP1PPPRNBQKBNR,414,e4,1,white
36882,rnbqkbnrpppppppp882P58PP1PPPPPRNBQKBNR,415,c4,1,white
36989,rnbqkbnrpppppppp883P48PPP1PPPPRNBQKBNR,416,d4,1,white
37044,rnbqkbnrpppppppp882P58PP1PPPPPRNBQKBNR,417,c4,1,white
37090,rnbqkbnrpppppppp884P38PPPP1PPPRNBQKBNR,418,e4,1,white
37171,rnbqkbnrpppppppp882P58PP1PPPPPRNBQKBNR,419,c4,1,white
37247,rnbqkbnrpppppppp884P38PPPP1PPPRNBQKBNR,420,e4,1,white
37341,rnbqkbnrpppppppp8885N2PPPPPPPPRNBQKB1R,421,Nf3,1,white
37387,rnbqkbnrpppppppp884P38PPPP1PPPRNBQKBNR,422,e4,1,white
37473,rnbqkbnrpppppppp882P58PP1PPPPPRNBQKBNR,423,c4,1,white
37554,rnbqkbnrpppppppp883P48PPP1PPPPRNBQKBNR,424,d4,1,white
37645,rnbqkbnrpppppppp882P58PP1PPPPPRNBQKBNR,425,c4,1,white
37757,rnbqkbnrpppppppp884P38PPPP1PPPRNBQKBNR,426,e4,1,white
37867,rnbqkbnrpppppppp8885N2PPPPPPPPRNBQKB1R,427,Nf3,1,white
38005,rnbqkbnrpppppppp884P38PPPP1PPPRNBQKBNR,428,e4,1,white
38128,rnbqkbnrpppppppp882P58PP1PPPPPRNBQKBNR,429,c4,1,white
38158,rnbqkbnrpppppppp884P38PPPP1PPPRNBQKBNR,430,e4,1,white
38241,rnbqkbnrpppppppp883P48PPP1PPPPRNBQKBNR,431,d4,1,white
38267,rnbqkbnrpppppppp884P38PPPP1PPPRNBQKBNR,432,e4,1,white
38288,rnbqkbnrpppppppp884P38PPPP1PPPRNBQKBNR,433,e4,1,white
38412,rnbqkbnrpppppppp883P48PPP1PPPPRNBQKBNR,434,d4,1,white
38493,rnbqkbnrpppppppp884P38PPPP1PPPRNBQKBNR,435,e4,1,white
38625,rnbqkbnrpppppppp883P48PPP1PPPPRNBQKBNR,436,d4,1,white
38788,rnbqkbnrpppppppp884P38PPPP1PPPRNBQKBNR,437,e4,1,white
38869,rnbqkbnrpppppppp882P58PP1PPPPPRNBQKBNR,438,c4,1,white
38966,rnbqkbnrpppppppp884P38PPPP1PPPRNBQKBNR,439,e4,1,white
38997,rnbqkbnrpppppppp882P58PP1PPPPPRNBQKBNR,440,c4,1,white
39078,rnbqkbnrpppppppp884P38PPPP1PPPRNBQKBNR,441,e4,1,white
39158,rnbqkbnrpppppppp882P58PP1PPPPPRNBQKBNR,442,c4,1,white
39245,rnbqkbnrpppppppp883P48PPP1PPPPRNBQKBNR,443,d4,1,white
39292,rnbqkbnrpppppppp882P58PP1PPPPPRNBQKBNR,444,c4,1,white
39373,rnbqkbnrpppppppp883P48PPP1PPPPRNBQKBNR,445,d4,1,white
39454,rnbqkbnrpppppppp882P58PP1PPPPPRNBQKBNR,446,c4,1,white
39589,rnbqkbnrpppppppp884P38PPPP1PPPRNBQKBNR,447,e4,1,white
39698,rnbqkbnrpppppppp882P58PP1PPPPPRNBQKBNR,448,c4,1,white
39770,rnbqkbnrpppppppp884P38PPPP1PPPRNBQKBNR,449,e4,1,white
39868,rnbqkbnrpppppppp882P58PP1PPPPPRNBQKBNR,450,c4,1,white
40015,rnbqkbnrpppppppp884P38PPPP1PPPRNBQKBNR,451,e4,1,white
40084,rnbqkbnrpppppppp882P58PP1PPPPPRNBQKBNR,452,c4,1,white
40179,rnbqkbnrpppppppp884P38PPPP1PPPRNBQKBNR,453,e4,1,white
40224,rnbqkbnrpppppppp883P48PPP1PPPPRNBQKBNR,454,d4,1,white
40300,rnbqkbnrpppppppp8885N2PPPPPPPPRNBQKB1R,455,Nf3,1,white
40381,rnbqkbnrpppppppp884P38PPPP1PPPRNBQKBNR,456,e4,1,white
40444,rnbqkbnrpppppppp883P48PPP1PPPPRNBQKBNR,457,d4,1,white
40532,rnbqkbnrpppppppp884P38PPPP1PPPRNBQKBNR,458,e4,1,white
40606,rnbqkbnrpppppppp883P48PPP1PPPPRNBQKBNR,459,d4,1,white
40686,rnbqkbnrpppppppp884P38PPPP1PPPRNBQKBNR,460,e4,1,white
40771,rnbqkbnrpppppppp882P58PP1PPPPPRNBQKBNR,461,c4,1,white
40863,rnbqkbnrpppppppp884P38PPPP1PPPRNBQKBNR,462,e4,1,white
40966,rnbqkbnrpppppppp883P48PPP1PPPPRNBQKBNR,463,d4,1,white
41047,rnbqkbnrpppppppp884P38PPPP1PPPRNBQKBNR,464,e4,1,white
41163,rnbqkbnrpppppppp883P48PPP1PPPPRNBQKBNR,465,d4,1,white
41282,rnbqkbnrpppppppp8885N2PPPPPPPPRNBQKB1R,466,Nf3,1,white
41425,rnbqkbnrpppppppp882P58PP1PPPPPRNBQKBNR,467,c4,1,white
41569,rnbqkbnrpppppppp882P58PP1PPPPPRNBQKBNR,468,c4,1,white
41600,rnbqkbnrpppppppp883P48PPP1PPPPRNBQKBNR,469,d4,1,white
41644,rnbqkbnrpppppppp884P38PPPP1PPPRNBQKBNR,470,e4,1,white
41726,rnbqkbnrpppppppp883P48PPP1PPPPRNBQKBNR,471,d4,1,white
41807,rnbqkbnrpppppppp884P38PPPP1PPPRNBQKBNR,472,e4,1,white
41888,rnbqkbnrpppppppp883P48PPP1PPPPRNBQKBNR,473,d4,1,white
42040,rnbqkbnrpppppppp882P58PP1PPPPPRNBQKBNR,474,c4,1,white
42122,rnbqkbnrpppppppp883P48PPP1PPPPRNBQKBNR,475,d4,1,white
42176,rnbqkbnrpppppppp883P48PPP1PPPPRNBQKBNR,476,d4,1,white
42210,rnbqkbnrpppppppp882P58PP1PPPPPRNBQKBNR,477,c4,1,white
42291,rnbqkbnrpppppppp884P38PPPP1PPPRNBQKBNR,478,e4,1,white
42380,rnbqkbnrpppppppp882P58PP1PPPPPRNBQKBNR,479,c4,1,white
42465,rnbqkbnrpppppppp884P38PPPP1PPPRNBQKBNR,480,e4,1,white
42547,rnbqkbnrpppppppp882P58PP1PPPPPRNBQKBNR,481,c4,1,white
42693,rnbqkbnrpppppppp884P38PPPP1PPPRNBQKBNR,482,e4,1,white
42743,rnbqkbnrpppppppp882P58PP1PPPPPRNBQKBNR,483,c4,1,white
42808,rnbqkbnrpppppppp884P38PPPP1PPPRNBQKBNR,484,e4,1,white
42865,rnbqkbnrpppppppp882P58PP1PPPPPRNBQKBNR,485,c4,1,white
43010,rnbqkbnrpppppppp884P38PPPP1PPPRNBQKBNR,486,e4,1,white
43094,rnbqkbnrpppppppp883P48PPP1PPPPRNBQKBNR,487,d4,1,white
43178,rnbqkbnrpppppppp884P38PPPP1PPPRNBQKBNR,488,e4,1,white
43259,rnbqkbnrpppppppp883P48PPP1PPPPRNBQKBNR,489,d4,1,white
43340,rnbqkbnrpppppppp884P38PPPP1PPPRNBQKBNR,490,e4,1,white
43405,rnbqkbnrpppppppp883P48PPP1PPPPRNBQKBNR,491,d4,1,white
43530,rnbqkbnrpppppppp884P38PPPP1PPPRNBQKBNR,492,e4,1,white
43710,rnbqkbnrpppppppp883P48PPP1PPPPRNBQKBNR,493,d4,1,white
43876,rnbqkbnrpppppppp884P38PPPP1PPPRNBQKBNR,494,e4,1,white
43958,rnbqkbnrpppppppp883P48PPP1PPPPRNBQKBNR,495,d4,1,white
44108,rnbqkbnrpppppppp884P38PPPP1PPPRNBQKBNR,496,e4,1,white
44350,rnbqkbnrpppppppp883P48PPP1PPPPRNBQKBNR,497,d4,1,white
44415,rnbqkbnrpppppppp883P48PPP1PPPPRNBQKBNR,498,d4,1,white
44495,rnbqkbnrpppppppp883P48PPP1PPPPRNBQKBNR,499,d4,1,white
44565,rnbqkbnrpppppppp883P48PPP1PPPPRNBQKBNR,500,d4,1,white
44737,rnbqkbnrpppppppp882P58PP1PPPPPRNBQKBNR,501,c4,1,white
44785,rnbqkbnrpppppppp882P58PP1PPPPPRNBQKBNR,502,c4,1,white
44880,rnbqkbnrpppppppp883P48PPP1PPPPRNBQKBNR,503,d4,1,white
44934,rnbqkbnrpppppppp882P58PP1PPPPPRNBQKBNR,504,c4,1,white
45037,rnbqkbnrpppppppp883P48PPP1PPPPRNBQKBNR,505,d4,1,white
45146,rnbqkbnrpppppppp882P58PP1PPPPPRNBQKBNR,506,c4,1,white
45256,rnbqkbnrpppppppp883P48PPP1PPPPRNBQKBNR,507,d4,1,white
45342,rnbqkbnrpppppppp882P58PP1PPPPPRNBQKBNR,508,c4,1,white
45424,rnbqkbnrpppppppp883P48PPP1PPPPRNBQKBNR,509,d4,1,white
45529,rnbqkbnrpppppppp883P48PPP1PPPPRNBQKBNR,510,d4,1,white
45636,rnbqkbnrpppppppp883P48PPP1PPPPRNBQKBNR,511,d4,1,white
45749,rnbqkbnrpppppppp883P48PPP1PPPPRNBQKBNR,512,d4,1,white
45864,rnbqkbnrpppppppp883P48PPP1PPPPRNBQKBNR,513,d4,1,white
45971,rnbqkbnrpppppppp883P48PPP1PPPPRNBQKBNR,514,d4,1,white
46049,rnbqkbnrpppppppp883P48PPP1PPPPRNBQKBNR,515,d4,1,white
46171,rnbqkbnrpppppppp882P58PP1PPPPPRNBQKBNR,516,c4,1,white
46302,rnbqkbnrpppppppp883P48PPP1PPPPRNBQKBNR,517,d4,1,white
46344,rnbqkbnrpppppppp882P58PP1PPPPPRNBQKBNR,518,c4,1,white
46363,rnbqkbnrpppppppp883P48PPP1PPPPRNBQKBNR,519,d4,1,white
46383,rnbqkbnrpppppppp884P38PPPP1PPPRNBQKBNR,520,e4,1,white
46456,rnbqkbnrpppppppp882P58PP1PPPPPRNBQKBNR,521,c4,1,white
46556,rnbqkbnrpppppppp884P38PPPP1PPPRNBQKBNR,522,e4,1,white
46642,rnbqkbnrpppppppp882P58PP1PPPPPRNBQKBNR,523,c4,1,white
46729,rnbqkbnrpppppppp884P38PPPP1PPPRNBQKBNR,524,e4,1,white
46887,rnbqkbnrpppppppp882P58PP1PPPPPRNBQKBNR,525,c4,1,white
46917,rnbqkbnrpppppppp883P48PPP1PPPPRNBQKBNR,526,d4,1,white
47003,rnbqkbnrpppppppp882P58PP1PPPPPRNBQKBNR,527,c4,1,white
47049,rnbqkbnrpppppppp884P38PPPP1PPPRNBQKBNR,528,e4,1,white
47100,rnbqkbnrpppppppp8885N2PPPPPPPPRNBQKB1R,529,Nf3,1,white
47159,rnbqkbnrpppppppp884P38PPPP1PPPRNBQKBNR,530,e4,1,white
47210,rnbqkbnrpppppppp8885N2PPPPPPPPRNBQKB1R,531,Nf3,1,white
47287,rnbqkbnrpppppppp884P38PPPP1PPPRNBQKBNR,532,e4,1,white
47469,rnbqkbnrpppppppp8885N2PPPPPPPPRNBQKB1R,533,Nf3,1,white
47582,rnbqkbnrpppppppp884P38PPPP1PPPRNBQKBNR,534,e4,1,white
47692,rnbqkbnrpppppppp883P48PPP1PPPPRNBQKBNR,535,d4,1,white
47789,rnbqkbnrpppppppp884P38PPPP1PPPRNBQKBNR,536,e4,1,white
47847,rnbqkbnrpppppppp883P48PPP1PPPPRNBQKBNR,537,d4,1,white
47912,rnbqkbnrpppppppp884P38PPPP1PPPRNBQKBNR,538,e4,1,white
48047,rnbqkbnrpppppppp883P48PPP1PPPPRNBQKBNR,539,d4,1,white
48128,rnbqkbnrpppppppp884P38PPPP1PPPRNBQKBNR,540,e4,1,white
48206,rnbqkbnrpppppppp883P48PPP1PPPPRNBQKBNR,541,d4,1,white
48276,rnbqkbnrpppppppp884P38PPPP1PPPRNBQKBNR,542,e4,1,white
48338,rnbqkbnrpppppppp883P48PPP1PPPPRNBQKBNR,543,d4,1,white
48491,rnbqkbnrpppppppp884P38PPPP1PPPRNBQKBNR,544,e4,1,white
48603,rnbqkbnrpppppppp882P58PP1PPPPPRNBQKBNR,545,c4,1,white
48724,rnbqkbnrpppppppp884P38PPPP1PPPRNBQKBNR,546,e4,1,white
48810,rnbqkbnrpppppppp882P58PP1PPPPPRNBQKBNR,547,c4,1,white
48892,rnbqkbnrpppppppp882P58PP1PPPPPRNBQKBNR,548,c4,1,white
48951,rnbqkbnrpppppppp882P58PP1PPPPPRNBQKBNR,549,c4,1,white
49045,rnbqkbnrpppppppp883P48PPP1PPPPRNBQKBNR,550,d4,1,white
49098,rnbqkbnrpppppppp882P58PP1PPPPPRNBQKBNR,551,c4,1,white
49186,rnbqkbnrpppppppp883P48PPP1PPPPRNBQKBNR,552,d4,1,white
49316,rnbqkbnrpppppppp883P48PPP1PPPPRNBQKBNR,553,d4,1,white
49391,rnbqkbnrpppppppp883P48PPP1PPPPRNBQKBNR,554,d4,1,white
49502,rnbqkbnrpppppppp882P58PP1PPPPPRNBQKBNR,555,c4,1,white
49599,rnbqkbnrpppppppp884P38PPPP1PPPRNBQKBNR,556,e4,1,white
49648,rnbqkbnrpppppppp882P58PP1PPPPPRNBQKBNR,557,c4,1,white
49759,rnbqkbnrpppppppp884P38PPPP1PPPRNBQKBNR,558,e4,1,white
49797,rnbqkbnrpppppppp882P58PP1PPPPPRNBQKBNR,559,c4,1,white
49859,rnbqkbnrpppppppp884P38PPPP1PPPRNBQKBNR,560,e4,1,white
49974,rnbqkbnrpppppppp882P58PP1PPPPPRNBQKBNR,561,c4,1,white
50091,rnbqkbnrpppppppp884P38PPPP1PPPRNBQKBNR,562,e4,1,white
50138,rnbqkbnrpppppppp882P58PP1PPPPPRNBQKBNR,563,c4,1,white
50237,rnbqkbnrpppppppp884P38PPPP1PPPRNBQKBNR,564,e4,1,white
50342,rnbqkbnrpppppppp882P58PP1PPPPPRNBQKBNR,565,c4,1,white
50404,rnbqkbnrpppppppp884P38PPPP1PPPRNBQKBNR,566,e4,1,white
50485,rnbqkbnrpppppppp883P48PPP1PPPPRNBQKBNR,567,d4,1,white
50596,rnbqkbnrpppppppp883P48PPP1PPPPRNBQKBNR,568,d4,1,white
50678,rnbqkbnrpppppppp884P38PPPP1PPPRNBQKBNR,569,e4,1,white
50767,rnbqkbnrpppppppp883P48PPP1PPPPRNBQKBNR,570,d4,1,white
50821,rnbqkbnrpppppppp882P58PP1PPPPPRNBQKBNR,571,c4,1,white
50902,rnbqkbnrpppppppp884P38PPPP1PPPRNBQKBNR,572,e4,1,white
50999,rnbqkbnrpppppppp882P58PP1PPPPPRNBQKBNR,573,c4,1,white
51072,rnbqkbnrpppppppp883P48PPP1PPPPRNBQKBNR,574,d4,1,white
51130,rnbqkbnrpppppppp884P38PPPP1PPPRNBQKBNR,575,e4,1,white
51241,rnbqkbnrpppppppp884P38PPPP1PPPRNBQKBNR,576,e4,1,white
51302,rnbqkbnrpppppppp882P58PP1PPPPPRNBQKBNR,577,c4,1,white
51412,rnbqkbnrpppppppp884P38PPPP1PPPRNBQKBNR,578,e4,1,white
51560,rnbqkbnrpppppppp882P58PP1PPPPPRNBQKBNR,579,c4,1,white
51640,rnbqkbnrpppppppp884P38PPPP1PPPRNBQKBNR,580,e4,1,white
51726,rnbqkbnrpppppppp884P38PPPP1PPPRNBQKBNR,581,e4,1,white
51846,rnbqkbnrpppppppp884P38PPPP1PPPRNBQKBNR,582,e4,1,white
51935,rnbqkbnrpppppppp884P38PPPP1PPPRNBQKBNR,583,e4,1,white
52029,rnbqkbnrpppppppp884P38PPPP1PPPRNBQKBNR,584,e4,1,white
52109,rnbqkbnrpppppppp884P38PPPP1PPPRNBQKBNR,585,e4,1,white
52217,rnbqkbnrpppppppp884P38PPPP1PPPRNBQKBNR,586,e4,1,white
52298,rnbqkbnrpppppppp882P58PP1PPPPPRNBQKBNR,587,c4,1,white
52334,rnbqkbnrpppppppp884P38PPPP1PPPRNBQKBNR,588,e4,1,white
52391,rnbqkbnrpppppppp882P58PP1PPPPPRNBQKBNR,589,c4,1,white
52451,rnbqkbnrpppppppp884P38PPPP1PPPRNBQKBNR,590,e4,1,white
52488,rnbqkbnrpppppppp882P58PP1PPPPPRNBQKBNR,591,c4,1,white
52735,rnbqkbnrpppppppp882P58PP1PPPPPRNBQKBNR,592,c4,1,white
52780,rnbqkbnrpppppppp883P48PPP1PPPPRNBQKBNR,593,d4,1,white
52863,rnbqkbnrpppppppp884P38PPPP1PPPRNBQKBNR,594,e4,1,white
52918,rnbqkbnrpppppppp882P58PP1PPPPPRNBQKBNR,595,c4,1,white
53000,rnbqkbnrpppppppp884P38PPPP1PPPRNBQKBNR,596,e4,1,white
53087,rnbqkbnrpppppppp8886P1PPPPPP1PRNBQKBNR,597,g3,1,white
53187,rnbqkbnrpppppppp884P38PPPP1PPPRNBQKBNR,598,e4,1,white
53275,rnbqkbnrpppppppp882P58PP1PPPPPRNBQKBNR,599,c4,1,white
53397,rnbqkbnrpppppppp884P38PPPP1PPPRNBQKBNR,600,e4,1,white
53496,rnbqkbnrpppppppp882P58PP1PPPPPRNBQKBNR,601,c4,1,white
53545,rnbqkbnrpppppppp884P38PPPP1PPPRNBQKBNR,602,e4,1,white
53629,rnbqkbnrpppppppp882P58PP1PPPPPRNBQKBNR,603,c4,1,white
53707,rnbqkbnrpppppppp884P38PPPP1PPPRNBQKBNR,604,e4,1,white
53835,rnbqkbnrpppppppp882P58PP1PPPPPRNBQKBNR,605,c4,1,white
53912,rnbqkbnrpppppppp884P38PPPP1PPPRNBQKBNR,606,e4,1,white
54038,rnbqkbnrpppppppp882P58PP1PPPPPRNBQKBNR,607,c4,1,white
54157,rnbqkbnrpppppppp884P38PPPP1PPPRNBQKBNR,608,e4,1,white
54285,rnbqkbnrpppppppp882P58PP1PPPPPRNBQKBNR,609,c4,1,white
54368,rnbqkbnrpppppppp884P38PPPP1PPPRNBQKBNR,610,e4,1,white
54458,rnbqkbnrpppppppp882P58PP1PPPPPRNBQKBNR,611,c4,1,white
54618,rnbqkbnrpppppppp882P58PP1PPPPPRNBQKBNR,612,c4,1,white
54672,rnbqkbnrpppppppp882P58PP1PPPPPRNBQKBNR,613,c4,1,white
54753,rnbqkbnrpppppppp884P38PPPP1PPPRNBQKBNR,614,e4,1,white
54875,rnbqkbnrpppppppp882P58PP1PPPPPRNBQKBNR,615,c4,1,white
55032,rnbqkbnrpppppppp882P58PP1PPPPPRNBQKBNR,616,c4,1,white
55114,rnbqkbnrpppppppp882P58PP1PPPPPRNBQKBNR,617,c4,1,white
55255,rnbqkbnrpppppppp884P38PPPP1PPPRNBQKBNR,618,e4,1,white
55337,rnbqkbnrpppppppp882P58PP1PPPPPRNBQKBNR,619,c4,1,white
55423,rnbqkbnrpppppppp884P38PPPP1PPPRNBQKBNR,620,e4,1,white
55536,rnbqkbnrpppppppp882P58PP1PPPPPRNBQKBNR,621,c4,1,white
55617,rnbqkbnrpppppppp884P38PPPP1PPPRNBQKBNR,622,e4,1,white
55722,rnbqkbnrpppppppp882P58PP1PPPPPRNBQKBNR,623,c4,1,white
55811,rnbqkbnrpppppppp884P38PPPP1PPPRNBQKBNR,624,e4,1,white
55893,rnbqkbnrpppppppp882P58PP1PPPPPRNBQKBNR,625,c4,1,white
55954,rnbqkbnrpppppppp884P38PPPP1PPPRNBQKBNR,626,e4,1,white
56121,rnbqkbnrpppppppp882P58PP1PPPPPRNBQKBNR,627,c4,1,white
56207,rnbqkbnrpppppppp884P38PPPP1PPPRNBQKBNR,628,e4,1,white
56270,rnbqkbnrpppppppp882P58PP1PPPPPRNBQKBNR,629,c4,1,white
56340,rnbqkbnrpppppppp882P58PP1PPPPPRNBQKBNR,630,c4,1,white
56433,rnbqkbnrpppppppp882P58PP1PPPPPRNBQKBNR,631,c4,1,white
56515,rnbqkbnrpppppppp884P38PPPP1PPPRNBQKBNR,632,e4,1,white
56606,rnbqkbnrpppppppp882P58PP1PPPPPRNBQKBNR,633,c4,1,white
56686,rnbqkbnrpppppppp884P38PPPP1PPPRNBQKBNR,634,e4,1,white
56770,rnbqkbnrpppppppp8885N2PPPPPPPPRNBQKB1R,635,Nf3,1,white
56816,rnbqkbnrpppppppp884P38PPPP1PPPRNBQKBNR,636,e4,1,white
56897,rnbqkbnrpppppppp884P38PPPP1PPPRNBQKBNR,637,e4,1,white
56969,rnbqkbnrpppppppp883P48PPP1PPPPRNBQKBNR,638,d4,1,white
57062,rnbqkbnrpppppppp884P38PPPP1PPPRNBQKBNR,639,e4,1,white
57123,rnbqkbnrpppppppp883P48PPP1PPPPRNBQKBNR,640,d4,1,white
57211,rnbqkbnrpppppppp884P38PPPP1PPPRNBQKBNR,641,e4,1,white
57253,rnbqkbnrpppppppp883P48PPP1PPPPRNBQKBNR,642,d4,1,white
57393,rnbqkbnrpppppppp883P48PPP1PPPPRNBQKBNR,643,d4,1,white
57476,rnbqkbnrpppppppp883P48PPP1PPPPRNBQKBNR,644,d4,1,white
57515,rnbqkbnrpppppppp883P48PPP1PPPPRNBQKBNR,645,d4,1,white
57654,rnbqkbnrpppppppp883P48PPP1PPPPRNBQKBNR,646,d4,1,white
57683,rnbqkbnrpppppppp8885N2PPPPPPPPRNBQKB1R,647,Nf3,1,white
57764,rnbqkbnrpppppppp883P48PPP1PPPPRNBQKBNR,648,d4,1,white
57805,rnbqkbnrpppppppp8885N2PPPPPPPPRNBQKB1R,649,Nf3,1,white
57871,rnbqkbnrpppppppp883P48PPP1PPPPRNBQKBNR,650,d4,1,white
57902,rnbqkbnrpppppppp8885N2PPPPPPPPRNBQKB1R,651,Nf3,1,white
58088,rnbqkbnrpppppppp883P48PPP1PPPPRNBQKBNR,652,d4,1,white
58158,rnbqkbnrpppppppp8885N2PPPPPPPPRNBQKB1R,653,Nf3,1,white
58202,rnbqkbnrpppppppp883P48PPP1PPPPRNBQKBNR,654,d4,1,white
58245,rnbqkbnrpppppppp8885N2PPPPPPPPRNBQKB1R,655,Nf3,1,white
58333,rnbqkbnrpppppppp8885N2PPPPPPPPRNBQKB1R,656,Nf3,1,white
58362,rnbqkbnrpppppppp8885N2PPPPPPPPRNBQKB1R,657,Nf3,1,white
58423,rnbqkbnrpppppppp883P48PPP1PPPPRNBQKBNR,658,d4,1,white
58462,rnbqkbnrpppppppp8885N2PPPPPPPPRNBQKB1R,659,Nf3,1,white
58506,rnbqkbnrpppppppp8885N2PPPPPPPPRNBQKB1R,660,Nf3,1,white
58539,rnbqkbnrpppppppp8885N2PPPPPPPPRNBQKB1R,661,Nf3,1,white
58581,rnbqkbnrpppppppp8885N2PPPPPPPPRNBQKB1R,662,Nf3,1,white
58627,rnbqkbnrpppppppp8885N2PPPPPPPPRNBQKB1R,663,Nf3,1,white
58744,rnbqkbnrpppppppp884P38PPPP1PPPRNBQKBNR,664,e4,1,white
58793,rnbqkbnrpppppppp8885N2PPPPPPPPRNBQKB1R,665,Nf3,1,white
58819,rnbqkbnrpppppppp884P38PPPP1PPPRNBQKBNR,666,e4,1,white
58859,rnbqkbnrpppppppp8885N2PPPPPPPPRNBQKB1R,667,Nf3,1,white
58929,rnbqkbnrpppppppp883P48PPP1PPPPRNBQKBNR,668,d4,1,white
59010,rnbqkbnrpppppppp8885N2PPPPPPPPRNBQKB1R,669,Nf3,1,white
59049,rnbqkbnrpppppppp883P48PPP1PPPPRNBQKBNR,670,d4,1,white
59089,rnbqkbnrpppppppp884P38PPPP1PPPRNBQKBNR,671,e4,1,white
59123,rnbqkbnrpppppppp883P48PPP1PPPPRNBQKBNR,672,d4,1,white
59204,rnbqkbnrpppppppp884P38PPPP1PPPRNBQKBNR,673,e4,1,white
59234,rnbqkbnrpppppppp883P48PPP1PPPPRNBQKBNR,674,d4,1,white
59284,rnbqkbnrpppppppp8885N2PPPPPPPPRNBQKB1R,675,Nf3,1,white
59380,rnbqkbnrpppppppp883P48PPP1PPPPRNBQKBNR,676,d4,1,white
59520,rnbqkbnrpppppppp884P38PPPP1PPPRNBQKBNR,677,e4,1,white
59661,rnbqkbnrpppppppp883P48PPP1PPPPRNBQKBNR,678,d4,1,white
59713,rnbqkbnrpppppppp884P38PPPP1PPPRNBQKBNR,679,e4,1,white
59755,rnbqkbnrpppppppp884P38PPPP1PPPRNBQKBNR,680,e4,1,white
59830,rnbqkbnrpppppppp884P38PPPP1PPPRNBQKBNR,681,e4,1,white
59902,rnbqkbnrpppppppp884P38PPPP1PPPRNBQKBNR,682,e4,1,white
59984,rnbqkbnrpppppppp8885N2PPPPPPPPRNBQKB1R,683,Nf3,1,white
60048,rnbqkbnrpppppppp884P38PPPP1PPPRNBQKBNR,684,e4,1,white
